id,name,email
1,Aurthur Velti,avelti0@live.com
2,Kurtis Pougher,kpougher1@oakley.com
3,Randy Thys,rthys2@reverbnation.com
4,Charlton Millson,cmillson3@tinyurl.com
5,Onida Reinhard,oreinhard4@twitter.com
6,Marlow Lindholm,mlindholm5@1und1.de
7,Chicky Bouldon,cbouldon6@irs.gov
8,Billi Coyne,bcoyne7@hibu.com
9,Susanna Loosmore,sloosmore8@cdbaby.com
10,Janie Powers,jpowers9@harvard.edu
11,Karlens Hallas,khallasa@wordpress.com
12,Marchelle Bloodworthe,mbloodwortheb@seattletimes.com
13,Ricoriki Strivens,rstrivensc@uiuc.edu
14,Averil Sawkin,asawkind@comsenz.com
15,Friedrick Crispin,fcrispine@creativecommons.org
16,Natty Linnard,nlinnardf@tiny.cc
17,Enos Semark,esemarkg@odnoklassniki.ru
18,Gilbert Pelerin,gpelerinh@unesco.org
19,Dyane Blackie,dblackiei@booking.com
20,Penelope Searchfield,psearchfieldj@youtube.com
